layer,expert,source,assignments,assignment_share_pct,token_selection_pct,selection_ratio_to_overall
1,0,agentic-validation-v2,4951,1.2705687918946384,2.541137583789277,1.4203995964147944
1,0,code-validation-v2,21916,0.8605274834008034,1.7210549668016069,0.9620044958791166
1,0,general-validation-v2,7865,0.5479614302037177,1.0959228604074354,0.6125793418486359
1,0,indic-validation-v2,33119,1.595945635978481,3.191891271956962,1.784146243560315
1,0,long_context-validation-v2,7655,0.660166477513807,1.320332955027614,0.7380160792623549
1,0,reasoning-validation-v2,106,0.06530873781622368,0.13061747563244736,0.07301021828042524
1,0,science_math-validation-v2,6464,0.5559779673087708,1.1119559346175416,0.6215412226545404
1,0,fineweb_edu-validation,8288,0.8241714531192821,1.6483429062385642,0.9213612099204614
1,0,wikipedia_en-validation,2028,0.6709455435717594,1.3418910871435188,0.7500662580296243
1,0,cosmopedia_v2-validation,1008,0.49890122943517257,0.9978024588703451,0.5577337562996963
1,1,agentic-validation-v2,194481,49.909410061898846,99.81882012379769,1.0010413585341333
1,1,code-validation-v2,1267828,49.78102017818369,99.56204035636738,0.9984662212312307
1,1,general-validation-v2,715923,49.87898169049411,99.75796338098822,1.0004310516158348
1,1,indic-validation-v2,1036315,49.938174514600064,99.87634902920013,1.0016182919575862
1,1,long_context-validation-v2,578440,49.884611006281716,99.76922201256343,1.0005439597411092
1,1,reasoning-validation-v2,81083,49.95687158823457,99.91374317646914,1.001993302280659
1,1,science_math-validation-v2,578464,49.75452334178539,99.50904668357077,0.9979347697660238
1,1,fineweb_edu-validation,501752,49.89498973763345,99.7899794752669,1.0007521276861784
1,1,wikipedia_en-validation,150706,49.859723416925824,99.71944683385165,1.0000447852121264
1,1,cosmopedia_v2-validation,100834,49.90695096117677,99.81390192235354,1.0009920359409683
1,2,agentic-validation-v2,188561,48.39016804048575,96.7803360809715,0.9950454308431239
1,2,code-validation-v2,1235440,48.50931164868993,97.01862329737986,0.9974953769325557
1,2,general-validation-v2,708683,49.37456455703258,98.74912911406516,1.015287543974624
1,2,indic-validation-v2,976714,47.06610845433396,94.13221690866791,0.9678188372040588
1,2,long_context-validation-v2,570812,49.226773006219624,98.45354601243925,1.0122485111853472
1,2,reasoning-validation-v2,81057,49.94085246386455,99.8817049277291,1.02693210354225
1,2,science_math-validation-v2,574509,49.41434808486921,98.82869616973842,1.016105611346565
1,2,fineweb_edu-validation,493366,49.06107301395364,98.12214602790728,1.0088412277045984
1,2,wikipedia_en-validation,148863,49.24998345795011,98.49996691590022,1.0127257869394406
1,2,cosmopedia_v2-validation,99770,49.38033299677298,98.76066599354596,1.015406160210922
1,3,agentic-validation-v2,1675,0.4298531057207674,0.8597062114415348,0.6968178379950768
1,3,code-validation-v2,21626,0.8491406897255783,1.6982813794511566,1.376508327364725
1,3,general-validation-v2,2849,0.1984923222695984,0.3969846445391968,0.3217680389457782
1,3,indic-validation-v2,29048,1.3997713950875001,2.7995427901750003,2.2691139466742274
1,3,long_context-validation-v2,2649,0.22844950998485627,0.45689901996971255,0.3703304489838689
1,3,reasoning-validation-v2,60,0.036967210084654915,0.07393442016930983,0.05992607954921315
1,3,science_math-validation-v2,3199,0.2751506060366271,0.5503012120732542,0.4460357453972319
1,3,fineweb_edu-validation,2210,0.21976579529363097,0.43953159058726193,0.35625362316505904
1,3,wikipedia_en-validation,663,0.21934758155230596,0.43869516310461193,0.3555756734395097
1,3,cosmopedia_v2-validation,432,0.21381481261507396,0.4276296252301479,0.34660672093536576
2,0,agentic-validation-v2,140070,35.94598478704949,71.89196957409898,0.9969658516656904
2,0,code-validation-v2,572129,22.464534064182253,44.929068128364506,0.6230563293299805
2,0,general-validation-v2,540240,37.63899339520107,75.27798679040214,1.0439216320929745
2,0,indic-validation-v2,985158,47.473009778353465,94.94601955670693,1.3166691608310408
2,0,long_context-validation-v2,446219,38.48188444542566,76.96376889085133,1.0672993083126368
2,0,reasoning-validation-v2,71218,43.87884613014922,87.75769226029844,1.2169846357363556
2,0,science_math-validation-v2,430298,37.01055188382262,74.02110376764524,1.026491737479565
2,0,fineweb_edu-validation,390803,38.86205072313885,77.7241014462777,1.0778432619441827
2,0,wikipedia_en-validation,116127,38.41957255343082,76.83914510686164,1.0655710811173167
2,0,cosmopedia_v2-validation,72429,35.84813209003979,71.69626418007958,0.9942518963243638
2,1,agentic-validation-v2,124605,31.977221634827597,63.954443269655194,1.0110423872785774
2,1,code-validation-v2,827495,32.49143045613925,64.9828609122785,1.0273004262100274
2,1,general-validation-v2,366341,25.523297940528945,51.04659588105789,0.8069849337038536
2,1,indic-validation-v2,844491,40.69451752991043,81.38903505982086,1.2866621941844754
2,1,long_context-validation-v2,304973,26.30084273635771,52.60168547271542,0.8315690190746271
2,1,reasoning-validation-v2,46772,28.817172501324656,57.63434500264931,0.9111292786182965
2,1,science_math-validation-v2,339164,29.17198504088984,58.34397008177968,0.9223475927399853
2,1,fineweb_edu-validation,303825,30.212824776057662,60.425649552115324,0.9552564271170264
2,1,wikipedia_en-validation,77111,25.51148018262423,51.02296036524846,0.8066112847889882
2,1,cosmopedia_v2-validation,67630,33.47290689156817,66.94581378313634,1.0583323366638413
2,2,agentic-validation-v2,54355,13.949054066538693,27.898108133077386,0.9046617049945398
2,2,code-validation-v2,519163,20.384834361416832,40.769668722833664,1.3220522998522335
2,2,general-validation-v2,301113,20.978806119889644,41.95761223977929,1.3605741595550795
2,2,indic-validation-v2,49227,2.3721614729403875,4.744322945880775,0.1538458186767296
2,2,long_context-validation-v2,232946,20.08924105433459,40.17848210866918,1.3028816848489215
2,2,reasoning-validation-v2,10923,6.7298805959114265,13.459761191822853,0.4364643814028629
2,2,science_math-validation-v2,192800,16.583006203145267,33.166012406290534,1.0754858784051593
2,2,fineweb_edu-validation,159946,15.905275970151628,31.810551940303256,1.031531888035509
2,2,wikipedia_en-validation,60333,19.960629921259844,39.92125984251969,1.2945406485052615
2,2,cosmopedia_v2-validation,29164,14.434479618300964,28.868959236601928,0.9361438331166612
2,3,agentic-validation-v2,70638,18.12773951158422,36.25547902316844,1.072802111544742
2,3,code-validation-v2,628023,24.659201118261667,49.31840223652333,1.4593349055888807
2,3,general-validation-v2,227626,15.858902544380346,31.71780508876069,0.9385320285257495
2,3,indic-validation-v2,196320,9.460311218795718,18.920622437591437,0.5598625159473903
2,3,long_context-validation-v2,175418,15.128031763882039,30.256063527764077,0.8952789954554162
2,3,reasoning-validation-v2,33393,20.57410077261469,41.14820154522938,1.2175781066299334
2,3,science_math-validation-v2,200374,17.23445687214227,34.46891374428454,1.0199375223781122
2,3,fineweb_edu-validation,151042,15.019848530651858,30.039697061303716,0.8888766968693786
2,3,wikipedia_en-validation,48689,16.108317342685105,32.21663468537021,0.9532924305108322
2,3,cosmopedia_v2-validation,32821,16.24448140009107,32.48896280018214,0.9613506381107522
3,0,agentic-validation-v2,45994,11.803381340012525,23.60676268002505,0.729962179677112
3,0,code-validation-v2,367122,14.41497402633098,28.82994805266196,0.8914721601495214
3,0,general-validation-v2,234853,16.362413956469638,32.724827912939276,1.0119086228244407
3,0,indic-validation-v2,448481,21.61150079317809,43.22300158635618,1.3365304204485844
3,0,long_context-validation-v2,172343,14.862844054103466,29.72568810820693,0.9191700013246253
3,0,reasoning-validation-v2,27912,17.197146131381462,34.394292262762924,1.0635313655193408
3,0,science_math-validation-v2,160686,13.820834723851661,27.641669447703322,0.8547285179866237
3,0,fineweb_edu-validation,151552,15.070563714181159,30.141127428362317,0.9320161080006926
3,0,wikipedia_en-validation,48007,15.882683782174286,31.765367564348573,0.9822404393100763
3,0,cosmopedia_v2-validation,31411,15.546613608916871,31.093227217833743,0.961456690219141
3,1,agentic-validation-v2,158545,40.6872003859696,81.3744007719392,0.99877589142292
3,1,code-validation-v2,823604,32.33865109686235,64.6773021937247,0.7938384742692042
3,1,general-validation-v2,603280,42.03104534180531,84.06209068361062,1.0317641513908349
3,1,indic-validation-v2,992670,47.834999681957754,95.66999936391551,1.1742376962617824
3,1,long_context-validation-v2,490024,42.25962351106803,84.51924702213606,1.037375212427217
3,1,reasoning-validation-v2,71736,44.197996377213414,88.39599275442683,1.0849577462198827
3,1,science_math-validation-v2,473819,40.75385589298801,81.50771178597601,1.0004121286869494
3,1,fineweb_edu-validation,429229,42.68319119823074,85.36638239646147,1.0477728114340477
3,1,wikipedia_en-validation,127427,42.158075828756694,84.31615165751339,1.0348824536244412
3,1,cosmopedia_v2-validation,83191,41.17469462097365,82.3493892419473,1.0107427381096143
3,2,agentic-validation-v2,39777,10.207920588808934,20.415841177617867,0.752402444245164
3,2,code-validation-v2,393706,15.45878962309713,30.91757924619426,1.1394319730740772
3,2,general-validation-v2,175067,12.197071036423933,24.394142072847867,0.8990181673727199
3,2,indic-validation-v2,332233,16.00971667254563,32.01943334509126,1.180039543930405
3,2,long_context-validation-v2,149033,12.852591854123474,25.70518370824695,0.9473351053033932
3,2,reasoning-validation-v2,3624,2.2328194891131568,4.4656389782263135,0.16457601002585762
3,2,science_math-validation-v2,141423,12.163996298067495,24.32799259613499,0.896580304169764
3,2,fineweb_edu-validation,120912,12.023675040969913,24.047350081939825,0.8862375457302516
3,2,wikipedia_en-validation,37755,12.490901872560048,24.981803745120096,0.9206757652527214
3,2,cosmopedia_v2-validation,23067,11.416820098592385,22.83364019718477,0.8415076579950664
3,3,agentic-validation-v2,145352,37.30149768520894,74.60299537041789,1.2633450382681954
3,3,code-validation-v2,962378,37.787585253709544,75.57517050741909,1.2798080854898244
3,3,general-validation-v2,422120,29.40946966530112,58.81893933060224,0.9960540430120548
3,3,indic-validation-v2,301812,14.543782852318529,29.087565704637058,0.4925758225362729
3,3,long_context-validation-v2,348156,30.024940580705028,60.049881161410056,1.0168991075651126
3,3,reasoning-validation-v2,59034,36.372038002291966,72.74407600458393,1.2318656513386699
3,3,science_math-validation-v2,386708,33.261313085092844,66.52262617018569,1.1265101258655177
3,3,fineweb_edu-validation,303923,30.22257004661819,60.44514009323638,1.0235925172315021
3,3,wikipedia_en-validation,89071,29.468338516508968,58.936677033017936,0.9980478415375085
3,3,cosmopedia_v2-validation,64375,31.861871671517093,63.72374334303419,1.079113171965487
4,0,agentic-validation-v2,136543,35.040855292197456,70.08171058439491,0.9477845202784894
4,0,code-validation-v2,714192,28.04261016722881,56.08522033445762,0.758496092720141
4,0,general-validation-v2,537713,37.462935094613044,74.92587018922609,1.0132968978864594
4,0,indic-validation-v2,924436,44.546924724218826,89.09384944843765,1.204904541500362
4,0,long_context-validation-v2,438747,37.83749987064014,75.67499974128027,1.0234281202438973
4,0,reasoning-validation-v2,61443,37.85627148719086,75.71254297438172,1.0239358546424735
4,0,science_math-validation-v2,439614,37.81183448646008,75.62366897292016,1.0227339233234733
4,0,fineweb_edu-validation,406033,40.3765453214746,80.7530906429492,1.0921041829289388
4,0,wikipedia_en-validation,118103,39.073314365116126,78.14662873023225,1.0568544118692886
4,0,cosmopedia_v2-validation,83505,41.33010631347627,82.66021262695254,1.1178960861180665
4,1,agentic-validation-v2,84151,21.59556340269152,43.19112680538304,1.0479998645644721
4,1,code-validation-v2,695357,27.303057550425823,54.606115100851646,1.324975879604792
4,1,general-validation-v2,200675,13.98120279798233,27.96240559596466,0.6784865189906433
4,1,indic-validation-v2,613404,29.558846489680974,59.11769297936195,1.4344458878070687
4,1,long_context-validation-v2,159649,13.768114692175281,27.536229384350563,0.6681456771305854
4,1,reasoning-validation-v2,21988,13.54725025568987,27.09450051137974,0.6574274617634894
4,1,science_math-validation-v2,178689,15.369298731503239,30.738597463006478,0.7458487046028556
4,1,fineweb_edu-validation,132559,13.181870614628247,26.363741229256494,0.6396961431955529
4,1,wikipedia_en-validation,39284,12.9967577582214,25.9935155164428,0.630712897663772
4,1,cosmopedia_v2-validation,25849,12.793747896497793,25.587495792995586,0.6208611376691671
4,2,agentic-validation-v2,133051,34.1447078025396,68.2894156050792,1.0193784889294826
4,2,code-validation-v2,925203,36.327916098963016,72.65583219792603,1.0845574205254613
4,2,general-validation-v2,563014,39.22567789761168,78.45135579522336,1.1710691007737355
4,2,indic-validation-v2,364880,17.58291746900052,35.16583493800104,0.5249319438952245
4,2,long_context-validation-v2,452423,39.016916819886234,78.03383363977247,1.1648366107143762
4,2,reasoning-validation-v2,62387,38.4378889258561,76.8757778517122,1.1475499324075096
4,2,science_math-validation-v2,438502,37.71618976188592,75.43237952377184,1.1260038524854294
4,2,fineweb_edu-validation,368476,36.64181954145519,73.28363908291038,1.0939288996644227
4,2,wikipedia_en-validation,117207,38.77688083107259,77.55376166214518,1.1576704189583773
4,2,cosmopedia_v2-validation,72272,35.770426243788485,71.54085248757697,1.0679137529489866
4,3,agentic-validation-v2,35923,9.21887350257142,18.43774700514284,1.0327419543124365
4,3,code-validation-v2,212058,8.32641618338235,16.6528323667647,0.9327646506101268
4,3,general-validation-v2,133918,9.330184209792938,18.660368419585875,1.0452115079167665
4,3,indic-validation-v2,172476,8.311311317099685,16.62262263419937,0.9310725318149146
4,3,long_context-validation-v2,108737,9.377468617298346,18.754937234596692,1.050508531615163
4,3,reasoning-validation-v2,16488,10.158589331263169,20.317178662526338,1.1380133804959884
4,3,science_math-validation-v2,105831,9.102677020150761,18.205354040301522,1.019725072986766
4,3,fineweb_edu-validation,98548,9.799764522441965,19.59952904488393,1.0978161227492114
4,3,wikipedia_en-validation,27666,9.153047045589888,18.306094091179776,1.0253677622476896
4,3,cosmopedia_v2-validation,20418,10.105719546237452,20.211439092474905,1.132090656304545
5,0,agentic-validation-v2,82622,21.203178090066416,42.40635618013283,0.8630455430632038
5,0,code-validation-v2,467454,18.354490519512645,36.70898103902529,0.7470937220247438
5,0,general-validation-v2,371590,25.88900036228855,51.7780007245771,1.0537753483051
5,0,indic-validation-v2,689119,33.20741751622497,66.41483503244994,1.3516612256086162
5,0,long_context-validation-v2,308370,26.593799695745613,53.187599391491226,1.0824632139123322
5,0,reasoning-validation-v2,35675,21.98008699616773,43.96017399233546,0.8946685274068095
5,0,science_math-validation-v2,251821,21.659487578227406,43.31897515645481,0.8816189790048327
5,0,fineweb_edu-validation,232848,23.154762851824156,46.30952570364831,0.942482055994922
5,0,wikipedia_en-validation,76622,25.34969893469199,50.69939786938398,1.031823842192302
5,0,cosmopedia_v2-validation,49110,24.306586684088614,48.61317336817723,0.9893654251109668
5,1,agentic-validation-v2,108045,27.727450034388244,55.45490006877649,0.9850441310092901
5,1,code-validation-v2,491688,19.306033822703697,38.61206764540739,0.685865281031448
5,1,general-validation-v2,446032,31.075439623219907,62.150879246439814,1.1039846571329934
5,1,indic-validation-v2,607727,29.285281968546585,58.57056393709317,1.040387597571789
5,1,long_context-validation-v2,365263,31.50024664613007,63.00049329226014,1.119076332141341
5,1,reasoning-validation-v2,49243,30.339605436644362,60.679210873288724,1.077843445229869
5,1,science_math-validation-v2,357720,30.76801337649961,61.53602675299922,1.093063046250115
5,1,fineweb_edu-validation,351321,34.93589998568042,69.87179997136084,1.2411311966928698
5,1,wikipedia_en-validation,95578,31.621120889300602,63.242241778601205,1.123370505016151
5,1,cosmopedia_v2-validation,66477,32.90223911623211,65.80447823246422,1.1688834529793717
5,2,agentic-validation-v2,104464,26.808462588665222,53.616925177330444,1.016438813653891
5,2,code-validation-v2,692047,27.173091043305153,54.346182086610305,1.0302636464891528
5,2,general-validation-v2,361431,25.181213945322295,50.36242789064459,0.954741926893264
5,2,indic-validation-v2,550785,26.54134838347799,53.08269676695598,1.0063112188717345
5,2,long_context-validation-v2,290814,25.07977191269762,50.15954382539524,0.9508957675338958
5,2,reasoning-validation-v2,52356,32.25758751986987,64.51517503973974,1.2230415631478995
5,2,science_math-validation-v2,301532,25.935202419329865,51.87040483865973,0.9833292861084468
5,2,fineweb_edu-validation,268213,26.67151278420391,53.34302556840782,1.0112463824834574
5,2,wikipedia_en-validation,76873,25.432740025143918,50.865480050287836,0.9642785002544308
5,2,cosmopedia_v2-validation,55396,27.41779018431629,54.83558036863258,1.0395413774955047
5,3,agentic-validation-v2,94537,24.260909286880114,48.52181857376023,1.1603194124474685
5,3,code-validation-v2,895621,35.1663846144785,70.332769228957,1.6818923912237547
5,3,general-validation-v2,256267,17.854346069169242,35.708692138338485,0.8539145872745787
5,3,indic-validation-v2,227565,10.965952131750447,21.931904263500893,0.5244653851997488
5,3,long_context-validation-v2,195109,16.826181745426698,33.652363490853396,0.8047408728883024
5,3,reasoning-validation-v2,25032,15.422720047318029,30.845440094636057,0.7376179207480617
5,3,science_math-validation-v2,251563,21.637296625943115,43.27459325188623,1.034840657087115
5,3,fineweb_edu-validation,153234,15.237824378291515,30.47564875658303,0.7287749696652288
5,3,wikipedia_en-validation,53187,17.596440150863497,35.192880301726994,0.8415797963540635
5,3,cosmopedia_v2-validation,31061,15.37338401536299,30.74676803072598,0.7352583407779277
6,0,agentic-validation-v2,117232,30.08509808349672,60.17019616699344,1.197924960874684
6,0,code-validation-v2,922964,36.240002198829124,72.48000439765825,1.443000222091517
6,0,general-validation-v2,371501,25.88279965443246,51.76559930886492,1.0305983273616628
6,0,indic-validation-v2,212033,10.217492709122416,20.434985418244832,0.4068389446443924
6,0,long_context-validation-v2,312416,26.942726353880282,53.885452707760564,1.0728023662663115
6,0,reasoning-validation-v2,37940,23.375599176863453,46.751198353726906,0.9307669083095712
6,0,science_math-validation-v2,285279,24.53725843686244,49.07451687372488,0.9770217225608618
6,0,fineweb_edu-validation,235246,23.393223655948194,46.78644731189639,0.9314686777822659
6,0,wikipedia_en-validation,78297,25.903857606034542,51.807715212069084,1.0314368104465115
6,0,cosmopedia_v2-validation,49384,24.44220070875651,48.88440141751302,0.9732367249216286
6,1,agentic-validation-v2,45268,11.617068889413552,23.234137778827105,0.6256898013283002
6,1,code-validation-v2,448898,17.625892783521348,35.251785567042695,0.9493221964109503
6,1,general-validation-v2,198869,13.8553771981161,27.7107543962322,0.746244021529217
6,1,indic-validation-v2,638034,30.74572233177011,61.49144466354022,1.6559499715966177
6,1,long_context-validation-v2,142986,12.331099144845096,24.662198289690192,0.664147131048578
6,1,reasoning-validation-v2,39510,24.34290784074526,48.68581568149052,1.3110974304808407
6,1,science_math-validation-v2,230040,19.78607233906399,39.57214467812798,1.06566843915146
6,1,fineweb_edu-validation,126931,12.622213648151979,25.244427296303957,0.6798264196429546
6,1,wikipedia_en-validation,41305,13.665387414808444,27.33077482961689,0.7360112622244579
6,1,cosmopedia_v2-validation,26797,13.26295262418087,26.52590524836174,0.7143363159370322
6,2,agentic-validation-v2,131972,33.86780541383948,67.73561082767895,1.1861590840112128
6,2,code-validation-v2,605358,23.769264295334164,47.53852859066833,0.8324758105717995
6,2,general-validation-v2,441647,30.769932837276702,61.539865674553404,1.0776616584207845
6,2,indic-validation-v2,554529,26.72176507664818,53.44353015329636,0.9358818500099125
6,2,long_context-validation-v2,360897,31.12372321819731,62.24744643639462,1.0900525313762928
6,2,reasoning-validation-v2,50536,31.136248813968674,62.27249762793735,1.0904912178818196
6,2,science_math-validation-v2,316836,27.251521542426005,54.50304308485201,0.9544356191873883
6,2,fineweb_edu-validation,360076,35.80651063626672,71.61302127253344,1.2540587539987569
6,2,wikipedia_en-validation,93623,30.97432673856944,61.94865347713888,1.0848201878788462
6,2,cosmopedia_v2-validation,65810,32.572113005088,65.144226010176,1.1407797834647149
6,3,agentic-validation-v2,95196,24.430027613250253,48.860055226500506,0.8798432652110085
6,3,code-validation-v2,569590,22.364840722315368,44.729681444630735,0.8054659126285005
6,3,general-validation-v2,423303,29.491890310174735,58.98378062034947,1.0621453843005624
6,3,indic-validation-v2,670600,32.315019882459296,64.63003976491859,1.1638199128895268
6,3,long_context-validation-v2,343257,29.602451283077315,59.20490256615463,1.066127218825823
6,3,reasoning-validation-v2,34320,21.145244168422607,42.290488336845215,0.7615423513782013
6,3,science_math-validation-v2,330481,28.425147681647566,56.85029536329513,1.0237268310233625
6,3,fineweb_edu-validation,283363,28.178052059633103,56.356104119266206,1.0148277244675175
6,3,wikipedia_en-validation,89035,29.456428240587574,58.91285648117515,1.0608682239309284
6,3,cosmopedia_v2-validation,60053,29.722733661974623,59.445467323949245,1.0704591681249287
7,0,agentic-validation-v2,110467,28.349004793824484,56.69800958764897,1.055891046376221
7,0,code-validation-v2,734779,28.85095472375246,57.70190944750492,1.0745867445354587
7,0,general-validation-v2,338426,23.57843547083577,47.15687094167154,0.8782057459258098
7,0,indic-validation-v2,615026,29.637007781433656,59.27401556286731,1.1038641880160505
7,0,long_context-validation-v2,271867,23.44578442093353,46.89156884186706,0.8732650061396042
7,0,reasoning-validation-v2,32788,20.201348070927754,40.40269614185551,0.7524222704801531
7,0,science_math-validation-v2,330377,28.41620249157948,56.83240498315896,1.0583939013410646
7,0,fineweb_edu-validation,248069,24.668362476332913,49.336724952665826,0.9188013214910861
7,0,wikipedia_en-validation,70418,23.297161384238734,46.59432276847747,0.8677293714719116
7,0,cosmopedia_v2-validation,51137,25.30983350161351,50.61966700322702,0.9426936421220771
7,1,agentic-validation-v2,69359,17.799511378917437,35.599022757834874,0.8716906566475247
7,1,code-validation-v2,455953,17.90290598827553,35.80581197655106,0.8767541728871852
7,1,general-validation-v2,301924,21.035309199342304,42.07061839868461,1.030156508143069
7,1,indic-validation-v2,618856,29.8215686614662,59.6431373229324,1.4604436164221117
7,1,long_context-validation-v2,232556,20.055607491143164,40.11121498228633,0.982177841360658
7,1,reasoning-validation-v2,20886,12.868285830468373,25.736571660936747,0.6301950815782023
7,1,science_math-validation-v2,217488,18.7064567070003,37.4129134140006,0.9161062449044219
7,1,fineweb_edu-validation,128285,12.756857488345453,25.513714976690906,0.6247381315166786
7,1,wikipedia_en-validation,61539,20.35962416462648,40.71924832925296,0.9970663676858446
7,1,cosmopedia_v2-validation,25241,12.49282334540991,24.98564669081982,0.6118076588462065
7,2,agentic-validation-v2,79575,20.421230380734368,40.842460761468736,0.8023546861070439
7,2,code-validation-v2,636697,24.99978404356823,49.99956808713646,0.9822470784103529
7,2,general-validation-v2,333670,23.247080790346402,46.494161580692804,0.9133829775526345
7,2,indic-validation-v2,657672,31.69204258296566,63.38408516593132,1.2451874056881411
7,2,long_context-validation-v2,267910,23.104533114398958,46.209066228797916,0.9077822476427462
7,2,reasoning-validation-v2,43481,26.789521028181333,53.57904205636267,1.0525662428157532
7,2,science_math-validation-v2,230586,19.833034586921443,39.666069173842885,0.7792443424737099
7,2,fineweb_edu-validation,284495,28.290619878760882,56.581239757521764,1.1115447507027536
7,2,wikipedia_en-validation,72133,23.864553695493946,47.72910739098789,0.9376436254055013
7,2,cosmopedia_v2-validation,51290,25.385559581081345,50.77111916216269,0.9974042851279817
7,3,agentic-validation-v2,130267,33.43025344652371,66.86050689304741,1.2254298969042732
7,3,code-validation-v2,719381,28.24635524440378,56.49271048880756,1.0354072920937003
7,3,general-validation-v2,461300,32.13917453947552,64.27834907895104,1.1781037019506462
7,3,indic-validation-v2,183642,8.84938097413449,17.69876194826898,0.3243856954942687
7,3,long_context-validation-v2,387223,33.394074973524354,66.78814994704871,1.2241037274060769
7,3,reasoning-validation-v2,65151,40.140845070422536,80.28169014084507,1.471415456511095
7,3,science_math-validation-v2,384185,33.044306214498775,66.08861242899755,1.2112824936395221
7,3,fineweb_edu-validation,344767,34.28416015656076,68.56832031312152,1.2567309701468208
7,3,wikipedia_en-validation,98170,32.47866075564084,64.95732151128168,1.1905480155883326
7,3,cosmopedia_v2-validation,74376,36.811783571895226,73.62356714379045,1.349384329961185
8,0,agentic-validation-v2,61693,15.832195612675406,31.664391225350812,0.7095372730538272
8,0,code-validation-v2,745253,29.262214299456968,58.524428598913936,1.3114183430711686
8,0,general-validation-v2,245691,17.117506897416604,34.23501379483321,0.7671399130357666
8,0,indic-validation-v2,598124,28.82253049832401,57.64506099664802,1.291713429558601
8,0,long_context-validation-v2,200689,17.307400418780983,34.614800837561965,0.7756502002135979
8,0,reasoning-validation-v2,41646,25.65894051975897,51.31788103951794,1.149933662470937
8,0,science_math-validation-v2,186968,16.081387467788716,32.16277493557743,0.7207050803289449
8,0,fineweb_edu-validation,171535,17.057703934702708,34.115407869405416,0.7644597774359647
8,0,wikipedia_en-validation,51169,16.9288030172699,33.8576060345398,0.7586829409385564
8,0,cosmopedia_v2-validation,27067,13.396586882065293,26.793173764130586,0.6003827868902267
8,1,agentic-validation-v2,116695,29.947288460946243,59.89457692189249,1.065989319731998
8,1,code-validation-v2,828867,32.545301769664796,65.09060353932959,1.1584669556697949
8,1,general-validation-v2,338692,23.596967923529245,47.19393584705849,0.8399463549878241
8,1,indic-validation-v2,619471,29.851204416353927,59.70240883270785,1.0625691581549113
8,1,long_context-validation-v2,278692,24.034371776783527,48.06874355356705,0.8555159728043665
8,1,reasoning-validation-v2,39102,24.091530812169605,48.18306162433921,0.8575505784190686
8,1,science_math-validation-v2,343099,29.510440068946775,59.02088013789355,1.050439473847927
8,1,fineweb_edu-validation,246497,24.512040381219073,49.024080762438146,0.8725188353962038
8,1,wikipedia_en-validation,66896,22.1319393899292,44.2638787798584,0.7877979018162833
8,1,cosmopedia_v2-validation,55339,27.389578507651795,54.77915701530359,0.9749463027076127
8,2,agentic-validation-v2,106581,27.351745588552305,54.70349117710461,1.071916591290763
8,2,code-validation-v2,549828,21.588889630557443,43.177779261114885,0.8460699119775809
8,2,general-validation-v2,409928,28.560042359891867,57.12008471978373,1.1192698160496255
8,2,indic-validation-v2,523370,25.220268350555802,50.440536701111604,0.9883838672834397
8,2,long_context-validation-v2,323177,27.87075397824685,55.7415079564937,1.0922565619932372
8,2,reasoning-validation-v2,37511,23.111283624758173,46.222567249516345,0.905732626212104
8,2,science_math-validation-v2,303197,26.078411471862218,52.156822943724436,1.0220145489689034
8,2,fineweb_edu-validation,268900,26.739829119663966,53.47965823932793,1.0479355472523892
8,2,wikipedia_en-validation,89151,29.494805796334283,58.98961159266857,1.1559032525961381
8,2,cosmopedia_v2-validation,52658,26.062639821029084,52.12527964205817,1.0213964570030598
8,3,agentic-validation-v2,104699,26.86877033782605,53.7375406756521,1.1159751760020817
8,3,code-validation-v2,422862,16.603594300320793,33.20718860064159,0.6896184246095595
8,3,general-validation-v2,441009,30.725482819162274,61.45096563832455,1.2761609729713397
8,3,indic-validation-v2,334231,16.105996734766258,32.211993469532516,0.668951065299254
8,3,long_context-validation-v2,356998,30.787473826188645,61.57494765237729,1.27873572515043
8,3,reasoning-validation-v2,44047,27.138245043313248,54.276490086626495,1.1271676153323187
8,3,science_math-validation-v2,329372,28.329760991402296,56.65952198280459,1.1766563787985798
8,3,fineweb_edu-validation,318684,31.69042656441425,63.3808531288285,1.316239221897517
8,3,wikipedia_en-validation,95044,31.444451796466616,62.88890359293323,1.3060228356803187
8,3,cosmopedia_v2-validation,66980,33.15119478925382,66.30238957850764,1.3769111862753811
9,0,agentic-validation-v2,91112,23.38195592145108,46.76391184290216,0.9267652210056762
9,0,code-validation-v2,871825,34.23203929621762,68.46407859243524,1.3568182050471191
9,0,general-validation-v2,284995,19.855850960064654,39.71170192012931,0.7870048239368197
9,0,indic-validation-v2,544954,26.26036287656684,52.52072575313368,1.0408535148534468
9,0,long_context-validation-v2,239059,20.616425597383824,41.23285119476765,0.8171508957288611
9,0,reasoning-validation-v2,38576,23.767451603760797,47.534903207521594,0.9420446951614176
9,0,science_math-validation-v2,242396,20.848829728307052,41.697659456614105,0.8263624461432599
9,0,fineweb_edu-validation,216326,21.511789788547517,43.023579577095035,0.8526394748405478
9,0,wikipedia_en-validation,63583,21.035863164163302,42.071726328326605,0.8337756875375673
9,0,cosmopedia_v2-validation,41505,20.54255508701075,41.0851101740215,0.8142229704474309
9,1,agentic-validation-v2,102763,26.37193713622879,52.74387427245758,0.9359446838639255
9,1,code-validation-v2,651016,25.56201679748391,51.12403359496782,0.9072004686974116
9,1,general-validation-v2,485536,33.827717860825466,67.65543572165093,1.2005516521421484
9,1,indic-validation-v2,527523,25.420394025431815,50.84078805086363,0.9021742516269128
9,1,long_context-validation-v2,376964,32.50933978177854,65.01867956355709,1.1537621824102653
9,1,reasoning-validation-v2,55089,33.941443939225906,67.88288787845181,1.204587810652073
9,1,science_math-validation-v2,312170,26.85019214956358,53.70038429912716,0.9529180383410618
9,1,fineweb_edu-validation,281016,27.94466277386199,55.88932554772398,0.99176099315192
9,1,wikipedia_en-validation,99631,32.96201945345067,65.92403890690134,1.1698278635168973
9,1,cosmopedia_v2-validation,50349,24.919819445269347,49.839638890538694,0.8844087718003719
9,2,agentic-validation-v2,107043,27.47030805711529,54.94061611423058,1.3222718857873748
9,2,code-validation-v2,515293,20.23287956306124,40.46575912612248,0.9739012667471063
9,2,general-validation-v2,294445,20.514240726806566,41.02848145361313,0.9874444696773151
9,2,indic-validation-v2,331369,15.968082051044815,31.93616410208963,0.7686170072116693
9,2,long_context-validation-v2,240887,20.77407214485544,41.54814428971088,0.9999513472272852
9,2,reasoning-validation-v2,33993,20.94377287346124,41.88754574692248,1.0081198214200948
9,2,science_math-validation-v2,278304,23.937328622199896,47.87465724439979,1.1522133858921189
9,2,fineweb_edu-validation,248335,24.694813924997217,49.38962784999443,1.1886746267964268
9,2,wikipedia_en-validation,63059,20.862502481307484,41.72500496261497,1.0042079047983958
9,2,cosmopedia_v2-validation,56484,27.956286749420915,55.91257349884183,1.3456642685954372
9,3,agentic-validation-v2,88750,22.77579888520484,45.55159777040968,0.8821516477764934
9,3,code-validation-v2,508676,19.973064343237226,39.94612868647445,0.7735962066726065
9,3,general-validation-v2,370344,25.80219045230332,51.60438090460664,0.999369766938367
9,3,indic-validation-v2,671350,32.35116104695653,64.70232209391305,1.253024325025723
9,3,long_context-validation-v2,302646,26.100162475982184,52.20032495196437,1.0109108115798509
9,3,reasoning-validation-v2,34648,21.347331583552055,42.69466316710411,0.8268242895442243
9,3,science_math-validation-v2,329766,28.363649499929473,56.727298999858945,1.0985801318947968
9,3,fineweb_edu-validation,259939,25.848733512593274,51.69746702518655,1.0011724715343413
9,3,wikipedia_en-validation,75987,25.139614901078545,50.27922980215709,0.9737069079872791
9,3,cosmopedia_v2-validation,53706,26.581338718298987,53.162677436597974,1.0295477172344052
