step,layer,learning_rate,lr_multiplier,warmup_active,gradient_norm,update_norm,weight_norm,update_to_weight_ratio,peak_lr_counterfactual_ratio
1,input,7.499999999999999e-06,0.05,True,0.8068981845768268,0.000689404511034896,16.08404824716316,4.286262391413122e-05,0.0008572524782826243
1,hidden_norm,7.499999999999999e-06,0.05,True,0.13758630599644397,0.00016982031673280936,16.0,1.0613769795800585e-05,0.0002122753959160117
1,hidden,7.499999999999999e-06,0.05,True,1.4817952442454674,0.0019237841871855056,15.981499576695175,0.00012037569928611957,0.0024075139857223913
1,output_norm,7.499999999999999e-06,0.05,True,0.18830763236069564,0.0001698204130162733,16.0,1.0613775813517082e-05,0.00021227551627034163
1,output,7.499999999999999e-06,0.05,True,2.010595028617889,0.00038023265911277254,3.148671073142008,0.00012075972697057383,0.0024151945394114763
2,input,1.4999999999999999e-05,0.1,True,0.7624598182669495,0.0010568949044539664,16.084059107405633,6.571070756431982e-05,0.0006571070756431982
2,hidden_norm,1.4999999999999999e-05,0.1,True,0.1330336390336552,0.0002626278713719565,15.999993429487782,1.6414248701373635e-05,0.00016414248701373635
2,hidden,1.4999999999999999e-05,0.1,True,1.3888054803387222,0.002954186307755243,15.981498847491878,0.00018485039081418014,0.0018485039081418014
2,output_norm,1.4999999999999999e-05,0.1,True,0.1594439811274408,0.0002648977943025045,15.999952123398671,1.6556161684703565e-05,0.00016556161684703563
2,output,1.4999999999999999e-05,0.1,True,1.779029154600896,0.0005966320536176673,3.1486217743183413,0.00018948990904022912,0.0018948990904022911
3,input,2.2499999999999998e-05,0.15,True,0.7717691584299207,0.0014167439916754866,16.084070708233963,8.808367094222042e-05,0.0005872244729481362
3,hidden_norm,2.2499999999999998e-05,0.15,True,0.13105680422261734,0.000361592444535019,15.999981121536587,2.259955444874255e-05,0.00015066369632495033
3,hidden,2.2499999999999998e-05,0.15,True,1.4231545027700712,0.003948066294496291,15.981497099610792,0.0002470398279891088,0.0016469321865940588
3,output_norm,2.2499999999999998e-05,0.15,True,0.16694593727272097,0.00037097393360543995,15.99986589049787,2.31860651923187e-05,0.00015457376794879134
3,output,2.2499999999999998e-05,0.15,True,1.8470778252483133,0.0008096962365963691,3.14852903840945,0.00025716651386051856,0.0017144434257367904
4,input,2.9999999999999997e-05,0.2,True,0.771801892130832,0.001758749597231384,16.08408170811599,0.00010934721852003048,0.0005467360926001523
4,hidden_norm,2.9999999999999997e-05,0.2,True,0.14112057287927232,0.0004427850477138479,15.999976677997457,2.767410582058839e-05,0.00013837052910294193
4,hidden,2.9999999999999997e-05,0.2,True,1.453688546898636,0.004907545807033393,15.981499229392359,0.00030707668514651525,0.0015353834257325761
4,output_norm,2.9999999999999997e-05,0.2,True,0.17005375967266478,0.0004518763708707142,15.999740948035466,2.8242730450345075e-05,0.00014121365225172537
4,output,2.9999999999999997e-05,0.2,True,1.8281614095294163,0.0010147500884364223,3.148389040842094,0.00032230771841494177,0.0016115385920747087
5,input,3.75e-05,0.25,True,0.710391225320543,0.002082454546339869,16.08409816398906,0.00012947288216645612,0.0005178915286658245
5,hidden_norm,3.75e-05,0.25,True,0.11389272210980744,0.0005324407546180195,15.999976835900107,3.327759534147263e-05,0.00013311038136589053
5,hidden,3.75e-05,0.25,True,1.3111097097056192,0.005823045901001663,15.981510206124073,0.00036436142929535453,0.0014574457171814181
5,output_norm,3.75e-05,0.25,True,0.12462039088976695,0.0005385351250407212,15.999584418484046,3.365931957698606e-05,0.00013463727830794424
5,output,3.75e-05,0.25,True,1.7362845371069648,0.0012170805399755178,3.1482188607287758,0.0003865933703522054,0.0015463734814088216
6,input,4.4999999999999996e-05,0.3,True,0.8177469600443836,0.0024444943456760596,16.084121764365413,0.000151981835345954,0.0005066061178198467
6,hidden_norm,4.4999999999999996e-05,0.3,True,0.12947429632961868,0.0006238958194134791,15.999970855225106,3.899355974200001e-05,0.00012997853247333338
6,hidden,4.4999999999999996e-05,0.3,True,1.4592276636603023,0.006807636602475551,15.981509756596745,0.0004259695552021009,0.0014198985173403363
6,output_norm,4.4999999999999996e-05,0.3,True,0.1732878597060574,0.0006359596290980578,15.999393596095615,3.974898331479595e-05,0.00013249661104931983
6,output,4.4999999999999996e-05,0.3,True,1.9410916119501687,0.00142965157871426,3.148012766966494,0.0004541441488790114,0.0015138138295967048
7,input,5.2499999999999995e-05,0.35,True,0.7556281966868209,0.0027707429811364447,16.08414203563992,0.00017226551313690935,0.0004921871803911696
7,hidden_norm,5.2499999999999995e-05,0.35,True,0.11765209442926378,0.0007069691167667828,15.999972922451413,4.418564457535754e-05,0.00012624469878673582
7,hidden,5.2499999999999995e-05,0.35,True,1.3712601942992342,0.0077501134914284816,15.981522936295182,0.0004849421123582296,0.0013855488924520846
7,output_norm,5.2499999999999995e-05,0.35,True,0.13525722394028095,0.0007154227972126786,15.999166927245687,4.471625306904909e-05,0.000127760723054426
7,output,5.2499999999999995e-05,0.35,True,1.7971976413769726,0.0016328518202268153,3.1477679037578636,0.0005187332326114281,0.001482094950318366
8,input,5.9999999999999995e-05,0.4,True,0.76259064993441,0.0031195822615017192,16.084166226222756,0.00019395361982865614,0.00048488404957164035
8,hidden_norm,5.9999999999999995e-05,0.4,True,0.12112437171309567,0.0007931094081919544,15.999975412530171,4.956941418615188e-05,0.0001239235354653797
8,hidden,5.9999999999999995e-05,0.4,True,1.390934388584142,0.00871313246560068,15.981543520222843,0.0005451996832831066,0.0013629992082077665
8,output_norm,5.9999999999999995e-05,0.4,True,0.15461379147694163,0.0008012940232204183,15.99891309819574,5.008427874458443e-05,0.00012521069686146106
8,output,5.9999999999999995e-05,0.4,True,1.8147034878160997,0.0018351338541056615,3.147491999742762,0.0005830463919386112,0.001457615979846528
9,input,6.75e-05,0.45,True,0.7247552500255201,0.003443629446441984,16.084183539603902,0.00021410035753215416,0.00047577857229367593
9,hidden_norm,6.75e-05,0.45,True,0.11130443753818753,0.000872843898960282,15.999975382196851,5.455282762069085e-05,0.00012122850582375743
9,hidden,6.75e-05,0.45,True,1.30803516532652,0.009645350060662262,15.981576992307385,0.0006035293053560973,0.0013411762341246605
9,output_norm,6.75e-05,0.45,True,0.1372479192956211,0.0008683436594770214,15.998621910810085,5.427615355359399e-05,0.0001206136745635422
9,output,6.75e-05,0.45,True,1.726526380172104,0.002041466014321285,3.1471894389089754,0.0006486632133046915,0.0014414738073437589
10,input,7.5e-05,0.5,True,0.7222458870288677,0.0037607841082440735,16.08420004195083,0.00023381853610594198,0.00046763707221188396
10,hidden_norm,7.5e-05,0.5,True,0.10700137984715376,0.0009502429544675717,15.99997775925977,5.939026720944231e-05,0.00011878053441888462
10,hidden,7.5e-05,0.5,True,1.3504182848520034,0.010586747390082253,15.9816230468098,0.0006624325551337257,0.0013248651102674514
10,output_norm,7.5e-05,0.5,True,0.13478405681420144,0.0009452566079411897,15.998300942933207,5.9084812275564165e-05,0.00011816962455112833
10,output,7.5e-05,0.5,True,1.7591977028666688,0.0022498307349495886,3.1468579296255808,0.0007149451247127886,0.0014298902494255773
11,input,8.25e-05,0.55,True,0.7684143522043165,0.004146837480382154,16.084217809056938,0.00025782027634860125,0.0004687641388156386
11,hidden_norm,8.25e-05,0.55,True,0.12973265392455766,0.0010584581452102693,15.999975538318305,6.61537352151177e-05,0.00012027951857294125
11,hidden,8.25e-05,0.55,True,1.4054410357929852,0.011657913563644609,15.981661179774985,0.000729455682516775,0.001326283059121409
11,output_norm,8.25e-05,0.55,True,0.1615269639076719,0.0010666449106309446,15.997942260198322,6.667388175819819e-05,0.00012122523956036032
11,output,8.25e-05,0.55,True,1.8976246651067772,0.0024837373711350703,3.1464970278310544,0.0007893658723228358,0.0014352106769506105
12,input,8.999999999999999e-05,0.6,True,0.7656252404334412,0.0045104068552603216,16.084235456611214,0.00028042407532689894,0.00046737345887816494
12,hidden_norm,8.999999999999999e-05,0.6,True,0.13766158483918456,0.001145131788251692,15.99996982932369,7.1570871724581e-05,0.000119284786207635
12,hidden,8.999999999999999e-05,0.6,True,1.470274660089028,0.012731502757464236,15.981702333559086,0.0007966299516622871,0.001327716586103812
12,output_norm,8.999999999999999e-05,0.6,True,0.17843742306745847,0.0011673156376668771,15.997541437035734,7.296843969814245e-05,0.00012161406616357075
12,output,8.999999999999999e-05,0.6,True,1.9410634301735588,0.0027116792709991856,3.146104820960046,0.0008619163776532107,0.0014365272960886845
13,input,9.75e-05,0.65,True,0.7772619367428373,0.0048776558082574435,16.084238897175556,0.0003032568615425114,0.0004665490177577098
13,hidden_norm,9.75e-05,0.65,True,0.1358990434050179,0.00124571035038921,15.999975386215295,7.785701667156601e-05,0.00011978002564856309
13,hidden,9.75e-05,0.65,True,1.4453046129728797,0.01376898610221216,15.981765770414183,0.0008615434802393129,0.0013254515080604813
13,output_norm,9.75e-05,0.65,True,0.1811450290414562,0.0012976080822329204,15.997118125460402,8.111511536366647e-05,0.00012479248517487148
13,output,9.75e-05,0.65,True,1.8460818414962838,0.0029267170569064783,3.145681278800603,0.000930392114620839,0.00143137248403206
14,input,0.00010499999999999999,0.7,True,0.7755797367179185,0.0052382270878616076,16.084239724356305,0.0003256745222423774,0.0004652493174891106
14,hidden_norm,0.00010499999999999999,0.7,True,0.12751757266718156,0.0013283424800027185,15.999967563874357,8.302157330630634e-05,0.00011860224758043762
14,hidden,0.00010499999999999999,0.7,True,1.4360430473573966,0.014801926730535157,15.981828031560571,0.0009261723190428923,0.0013231033129184177
14,output_norm,0.00010499999999999999,0.7,True,0.1578528703878672,0.0014033059797080045,15.996663585278633,8.772491665070929e-05,0.0001253213095010133
14,output,0.00010499999999999999,0.7,True,1.891570839861739,0.003129360876566532,3.1452234848288922,0.0009949566037711233,0.0014213665768158905
15,input,0.0001125,0.75,True,0.7307755558662613,0.0055924842002245375,16.084238350938037,0.0003476996596421603,0.00046359954618954707
15,hidden_norm,0.0001125,0.75,True,0.11556600064670787,0.001438107464376646,15.999969931938917,8.988188543441672e-05,0.00011984251391255563
15,hidden,0.0001125,0.75,True,1.3599258783690023,0.01578479959297813,15.981899957662932,0.0009876672757802931,0.0013168897010403908
15,output_norm,0.0001125,0.75,True,0.13753950713353388,0.0015035802876292477,15.99618035325363,9.399620749608633e-05,0.00012532827666144843
15,output,0.0001125,0.75,True,1.8194574705268414,0.0033456750650142026,3.1447404161273544,0.0010638954642667431,0.0014185272856889908
16,input,0.00011999999999999999,0.8,True,0.7584583232406561,0.005918001126518783,16.084233404501006,0.00036793802835904455,0.00045992253544880566
16,hidden_norm,0.00011999999999999999,0.8,True,0.1336422333899127,0.0015097425196884922,15.999981549094665,9.435901629361058e-05,0.00011794877036701323
16,hidden,0.00011999999999999999,0.8,True,1.3940364882119964,0.01668579314439104,15.981986485616565,0.001044037495552126,0.0013050468694401575
16,output_norm,0.00011999999999999999,0.8,True,0.15922830022028148,0.001579280591619286,15.995676739271666,9.873171466024487e-05,0.00012341464332530608
16,output,0.00011999999999999999,0.8,True,1.824628745215513,0.003551790828110533,3.1442270897094518,0.001129622869714141,0.0014120285871426761
17,input,0.00012749999999999998,0.85,True,0.743117108940201,0.006252794380102364,16.08421661408107,0.000388753430156387,0.00045735697665457293
17,hidden_norm,0.00012749999999999998,0.85,True,0.13009369351151465,0.0015920978379624915,15.999989328518115,9.950618124005638e-05,0.00011706609557653691
17,hidden,0.00012749999999999998,0.85,True,1.3550031555540432,0.017585717344547988,15.982087158406049,0.0011003392216703363,0.0012945167313768663
17,output_norm,0.00012749999999999998,0.85,True,0.17620502098079444,0.0016918475128247029,15.995152590737025,0.00010577251471826977,0.00012443825260972916
17,output,0.00012749999999999998,0.85,True,1.7574871370307563,0.003749805243191659,3.143691629644336,0.0011928031387785627,0.001403297810327721
18,input,0.000135,0.9,True,0.779715106445764,0.006586370557976759,16.08419536379949,0.00040949331993322,0.0004549925777035777
18,hidden_norm,0.000135,0.9,True,0.11935147845308698,0.001678651520792545,16.000018508680295,0.00010491559868395443,0.00011657288742661603
18,hidden,0.000135,0.9,True,1.414185401987598,0.01852201612863342,15.98222254040952,0.0011589136668446627,0.0012876818520496252
18,output_norm,0.000135,0.9,True,0.1488547537161698,0.0017824926998457602,15.994609713435496,0.00011144333821090137,0.00012382593134544596
18,output,0.000135,0.9,True,1.8782627193153103,0.003968539350862231,3.143139274305523,0.0012626037233870522,0.0014028930259856135
19,input,0.0001425,0.95,True,0.7546504911999631,0.00690801204220427,16.084174353339886,0.00042949124340782953,0.0004520960456924522
19,hidden_norm,0.0001425,0.95,True,0.12199114165318156,0.0017552371182588619,16.000059097124144,0.00010970191469944937,0.00011547569968363093
19,hidden,0.0001425,0.95,True,1.3834015848930858,0.019409282280893513,15.982385761440668,0.0012144170820679741,0.0012783337705978676
19,output_norm,0.0001425,0.95,True,0.13306195660424644,0.001827591068779054,15.994024499498261,0.0001142671169996261,0.0001202811757890801
19,output,0.0001425,0.95,True,1.84609196472369,0.004160889721638345,3.1425442109007595,0.0013240512916907199,0.0013937382017797052
20,input,0.00015,1.0,False,0.7519870018992373,0.007240741927563504,16.08415113865578,0.00045017867994049716,0.00045017867994049716
20,hidden_norm,0.00015,1.0,False,0.11899646858624528,0.0018181336989754574,16.0001162229116,0.00011363253076699245,0.00011363253076699245
20,hidden,0.00015,1.0,False,1.354519783635437,0.020308080836401485,15.982589021131028,0.0012706377427056156,0.0012706377427056156
20,output_norm,0.00015,1.0,False,0.15798401969170764,0.0018852084449120525,15.993422111095905,0.00011787398793183442,0.00011787398793183442
20,output,0.00015,1.0,False,1.8413957939948202,0.004357442664103948,3.1419305808812465,0.0013868678991888405,0.0013868678991888405
21,input,0.00015,1.0,False,0.7432255510250856,0.007225043567134695,16.08411466578991,0.00044920368433470524,0.00044920368433470524
21,hidden_norm,0.00015,1.0,False,0.12394982079312013,0.0018316540379790973,16.000200031256657,0.00011447694618823081,0.00011447694618823081
21,hidden,0.00015,1.0,False,1.373971850269295,0.020261662683587412,15.982827755132329,0.0012677145117253163,0.0012677145117253163
21,output_norm,0.00015,1.0,False,0.15837180216512853,0.0019112299420304575,15.992814384428451,0.00011950554143186605,0.00011950554143186605
21,output,0.00015,1.0,False,1.7667863004175246,0.004322718816689533,3.1413077324480403,0.0013760889364764057,0.0013760889364764057
22,input,0.00015,1.0,False,0.7131662261902115,0.007182749221236303,16.08406737557172,0.0004465754248297525,0.0004465754248297525
22,hidden_norm,0.00015,1.0,False,0.11571740769372035,0.0018264599377839448,16.000299888211917,0.00011415160656642277,0.00011415160656642277
22,hidden,0.00015,1.0,False,1.334422991720714,0.020120691108414506,15.983086413158361,0.0012588739488919856,0.0012588739488919856
22,output_norm,0.00015,1.0,False,0.13775184281309696,0.0018288398987952184,15.992208159113977,0.00011435818497353416,0.00011435818497353416
22,output,0.00015,1.0,False,1.7844232815059013,0.004307952601287216,3.1406895078985513,0.0013716582267852657,0.0013716582267852657
23,input,0.00015,1.0,False,0.7221021021549159,0.007162773369682184,16.08402165966587,0.0004453347254340234,0.0004453347254340234
23,hidden_norm,0.00015,1.0,False,0.12239360566703854,0.001843710191104676,16.0003999811845,0.0001152290063543891,0.0001152290063543891
23,hidden,0.00015,1.0,False,1.3885064345374019,0.02018006533268534,15.983350241367141,0.0012625679239923378,0.0012625679239923378
23,output_norm,0.00015,1.0,False,0.17242388768492858,0.0019004188823597168,15.991613952891683,0.00011883846670873853,0.00011883846670873853
23,output,0.00015,1.0,False,1.7966807198063743,0.00430137910309576,3.1400928751385497,0.0013698254396077286,0.0013698254396077286
24,input,0.00015,1.0,False,0.7346033888689596,0.007134760125726271,16.083980925958304,0.00044359416730041745,0.00044359416730041745
24,hidden_norm,0.00015,1.0,False,0.12756887872067085,0.00184767598003907,16.00049951232809,0.00011547614364260751,0.00011547614364260751
24,hidden,0.00015,1.0,False,1.3485224587654738,0.0200309428657314,15.983620635184678,0.0012532168601172482,0.0012532168601172482
24,output_norm,0.00015,1.0,False,0.1673625467089063,0.0019088809044710408,15.991048367211295,0.00011937184233555875,0.00011937184233555875
24,output,0.00015,1.0,False,1.763750165813661,0.004272448460846421,3.139521873857115,0.001360859593437847,0.001360859593437847
25,input,0.00015,1.0,False,0.6989486190744746,0.007085216731316477,16.08394260450018,0.0004405149225870826,0.0004405149225870826
25,hidden_norm,0.00015,1.0,False,0.11094298572307458,0.0018367247159713615,16.000598425165233,0.00011479100138421192,0.00011479100138421192
25,hidden,0.00015,1.0,False,1.2868692806163806,0.01989592803449623,15.983890129121,0.001244748798557361,0.001244748798557361
25,output_norm,0.00015,1.0,False,0.1391130391772394,0.0018988102903061185,15.990486021884937,0.00011874625247208648,0.00011874625247208648
25,output,0.00015,1.0,False,1.6900862489485295,0.004255437236476324,3.1389634518619864,0.0013556823141575801,0.0013556823141575801
26,input,0.00015,1.0,False,0.756653374218702,0.007104402055072584,16.08390148254377,0.00044170887659211017,0.00044170887659211017
26,hidden_norm,0.00015,1.0,False,0.11851600952857644,0.0018225315316922107,16.00069545878478,0.0001139032697914137,0.0001139032697914137
26,hidden,0.00015,1.0,False,1.395249511037837,0.019983243602440786,15.984162666007707,0.0012501902051420947,0.0012501902051420947
26,output_norm,0.00015,1.0,False,0.1587062284800149,0.0018989138934864226,15.989942947925833,0.00011875676477837238,0.00011875676477837238
26,output,0.00015,1.0,False,1.8413965714968092,0.004257154758072018,3.1384198984578684,0.0013564643660855787,0.0013564643660855787
27,input,0.00015,1.0,False,0.7403578670050767,0.007095529186936707,16.083859817629214,0.0004411583579682429,0.0004411583579682429
27,hidden_norm,0.00015,1.0,False,0.1256368027523045,0.0018263566536844032,16.000792331311924,0.00011414163848064004,0.00011414163848064004
27,hidden,0.00015,1.0,False,1.380152547338447,0.020011373701745622,15.984447755519499,0.0012519277492608783,0.0012519277492608783
27,output_norm,0.00015,1.0,False,0.15291560447558328,0.0019146175402875226,15.989405480043029,0.00011974288491696755,0.00011974288491696755
27,output,0.00015,1.0,False,1.804237070480962,0.004267646505055419,3.137882173582281,0.001360040393162173,0.001360040393162173
28,input,0.00015,1.0,False,0.7241766216579084,0.0071005958331275655,16.083814269975836,0.00044147462249563975,0.00044147462249563975
28,hidden_norm,0.00015,1.0,False,0.12642442099782888,0.0018391734183312752,16.00090272253585,0.00011494185360810691,0.00011494185360810691
28,hidden,0.00015,1.0,False,1.3363776673603076,0.020030501862265054,15.984746959539173,0.0012531009663754175,0.0012531009663754175
28,output_norm,0.00015,1.0,False,0.17501629433987667,0.001975724271508351,15.988879945068739,0.00012356864760359277,0.00012356864760359277
28,output,0.00015,1.0,False,1.7702657915123996,0.004270555126298405,3.1373545731671744,0.001361196201036104,0.001361196201036104
29,input,0.00015,1.0,False,0.7579704780844722,0.00712023193296583,16.08376183707786,0.0004426969265704728,0.0004426969265704728
29,hidden_norm,0.00015,1.0,False,0.1300895547339498,0.0018551282853540483,16.001021105425817,0.0001159381187694946,0.0001159381187694946
29,hidden,0.00015,1.0,False,1.4046752775087699,0.02002461975147704,15.985044695732212,0.001252709650341068,0.001252709650341068
29,output_norm,0.00015,1.0,False,0.16033557255478806,0.0019561928163242545,15.988391137966326,0.00012235082313435798,0.00012235082313435798
29,output,0.00015,1.0,False,1.813018067686847,0.004255757355048766,3.1368574216560265,0.0013566945458432867,0.0013566945458432867
30,input,0.00015,1.0,False,0.7117512076457172,0.007068308518558195,16.0837121540702,0.00043946997128828033,0.00043946997128828033
30,hidden_norm,0.00015,1.0,False,0.11133197132310839,0.0018462559202229555,16.001153303430524,0.00011538267806153276,0.00011538267806153276
30,hidden,0.00015,1.0,False,1.3234527030681071,0.01990134392419438,15.985347842611821,0.0012449740925338994,0.0012449740925338994
30,output_norm,0.00015,1.0,False,0.13615207139392188,0.0019466413851561852,15.987921011414725,0.0001217570054146729,0.0001217570054146729
30,output,0.00015,1.0,False,1.7511353060941746,0.004224066945791813,3.1363731364230576,0.0013467998742679064,0.0013467998742679064
31,input,0.00015,1.0,False,0.6978496554197694,0.00701520411959993,16.083654160063677,0.00043616979386555996,0.00043616979386555996
31,hidden_norm,0.00015,1.0,False,0.12112195924128032,0.0018157678642403928,16.001295738744098,0.00011347630178747687,0.00011347630178747687
31,hidden,0.00015,1.0,False,1.282136281599765,0.01968078019061455,15.985665048793061,0.0012311517932186672,0.0012311517932186672
31,output_norm,0.00015,1.0,False,0.14433623315664573,0.0018664056909808802,15.98749240670654,0.00011674161547673029,0.00011674161547673029
31,output,0.00015,1.0,False,1.6780767459198092,0.004190797918161919,3.1359371780803778,0.0013363781479599859,0.0013363781479599859
32,input,0.00015,1.0,False,0.6883630624333031,0.006953973101243255,16.083586990637773,0.00043236456552205363,0.00043236456552205363
32,hidden_norm,0.00015,1.0,False,0.11143543115959526,0.0017732527340963609,16.00144539771591,0.00011081828485003486,0.00011081828485003486
32,hidden,0.00015,1.0,False,1.2750595006537375,0.019500945413326684,15.98599476495293,0.001219876879734741,0.001219876879734741
32,output_norm,0.00015,1.0,False,0.12701942909642397,0.0018079159498011357,15.987089991307975,0.00011308599318475607,0.00011308599318475607
32,output,0.00015,1.0,False,1.7108663204068484,0.004152706535970534,3.1355264586775937,0.0013244048776810309,0.0013244048776810309
33,input,0.00015,1.0,False,0.692621185480698,0.006927012858690841,16.083510552750464,0.00043069035432107466,0.00043069035432107466
33,hidden_norm,0.00015,1.0,False,0.10947535794196207,0.0017647592798567175,16.001600236973303,0.00011028642471513968,0.00011028642471513968
33,hidden,0.00015,1.0,False,1.296760603462874,0.01946817722685752,15.986334773988299,0.0012178011721945545,0.0012178011721945545
33,output_norm,0.00015,1.0,False,0.1253493408807229,0.0017872393172421604,15.986700502533136,0.00011179538372905451,0.00011179538372905451
33,output,0.00015,1.0,False,1.7156365279431212,0.004132524263748055,3.1351429117635754,0.0013181294697100217,0.0013181294697100217
34,input,0.00015,1.0,False,0.7081969882125739,0.006904940516726452,16.083422681032086,0.00042932034142644047,0.00042932034142644047
34,hidden_norm,0.00015,1.0,False,0.12407622062111624,0.0017693014991511248,16.00175329539883,0.0001105692274145904,0.0001105692274145904
34,hidden,0.00015,1.0,False,1.3256575271443687,0.019443833300837664,15.986681719551537,0.0012162519803630087,0.0012162519803630087
34,output_norm,0.00015,1.0,False,0.1470803183594377,0.0017335588082291577,15.986330900031433,0.00010844006789736531,0.00010844006789736531
34,output,0.00015,1.0,False,1.7264096857358193,0.004138226671722299,3.134781781762412,0.0013201003960778854,0.0013201003960778854
35,input,0.00015,1.0,False,0.7021853732749715,0.006868748634984295,16.08333371862915,0.0004270724437576209,0.0004270724437576209
35,hidden_norm,0.00015,1.0,False,0.11190055725986364,0.0017246053693716211,16.001907518755335,0.00010777498666020067,0.00010777498666020067
35,hidden,0.00015,1.0,False,1.2904819749633898,0.019362009807329272,15.987029958775203,0.0012111073699903564,0.0012111073699903564
35,output_norm,0.00015,1.0,False,0.14271720385236203,0.0016905202149917287,15.98596675292808,0.00010575026466147776,0.00010575026466147776
35,output,0.00015,1.0,False,1.6783292090919748,0.004114623626191216,3.134426367383243,0.001312719822997879,0.001312719822997879
36,input,0.00015,1.0,False,0.6734374686344091,0.006839391486562092,16.083234424379445,0.00042524975425308354,0.00042524975425308354
36,hidden_norm,0.00015,1.0,False,0.11109731419626565,0.0017234981937158114,16.002073913827843,0.00010770467646862249,0.00010770467646862249
36,hidden,0.00015,1.0,False,1.222478570105474,0.019276904126620666,15.987400403593515,0.0012057560103572412,0.0012057560103572412
36,output_norm,0.00015,1.0,False,0.12275581842624879,0.0016611997466080151,15.985627023404472,0.00010391833515043616,0.00010391833515043616
36,output,0.00015,1.0,False,1.6141261016110542,0.004105342141197396,3.134095663382075,0.001309896883226349,0.001309896883226349
37,input,0.00015,1.0,False,0.6896337369320631,0.006815771890918617,16.083136249274006,0.00042378375618289506,0.00042378375618289506
37,hidden_norm,0.00015,1.0,False,0.11318944560602609,0.001704627658583167,16.002242486181075,0.00010652429870721045,0.00010652429870721045
37,hidden,0.00015,1.0,False,1.2695240778568968,0.01911429007993866,15.987774124743073,0.0011955566754196828,0.0011955566754196828
37,output_norm,0.00015,1.0,False,0.14679086383958118,0.001687017575880705,15.985293866004683,0.00010553559978452577,0.00010553559978452577
37,output,0.00015,1.0,False,1.670437707924922,0.0040938747198605565,3.133770467422335,0.0013063735083405615,0.0013063735083405615
38,input,0.00015,1.0,False,0.6566305829510214,0.006744583704849813,16.083027040947037,0.0004193603410401692,0.0004193603410401692
38,hidden_norm,0.00015,1.0,False,0.09757529748255414,0.001676678875888778,16.00241137587563,0.00010477663875186012,0.00010477663875186012
38,hidden,0.00015,1.0,False,1.222271822207448,0.01900931862169753,15.98815106691435,0.0011889629102288845,0.0011889629102288845
38,output_norm,0.00015,1.0,False,0.11137738197311019,0.00163551506891945,15.984989603997807,0.00010231567923637633,0.00010231567923637633
38,output,0.00015,1.0,False,1.5929471297352664,0.004083041079728825,3.1334632866493677,0.0013030441738779224,0.0013030441738779224
39,input,0.00015,1.0,False,0.7176656615392373,0.0067212260802267205,16.082900059845212,0.0004179113253963358,0.0004179113253963358
39,hidden_norm,0.00015,1.0,False,0.11708621343120294,0.0016827293676472874,16.002602956440743,0.00010515347860767994,0.00010515347860767994
39,hidden,0.00015,1.0,False,1.341592791814117,0.018948653382420546,15.988548901409956,0.0011851390328955715,0.0011851390328955715
39,output_norm,0.00015,1.0,False,0.13621677865220289,0.001641804943100902,15.984714821096201,0.0001027109311286612,0.0001027109311286612
39,output,0.00015,1.0,False,1.7442646182827573,0.004049697449388048,3.133180860569342,0.0012925195287488648,0.0012925195287488648
40,input,0.00015,1.0,False,0.6821968162777902,0.00668254167121271,16.0827588880755,0.0004155096596124098,0.0004155096596124098
40,hidden_norm,0.00015,1.0,False,0.11190241825295223,0.0016579324090844256,16.002805370578812,0.00010360261033559387,0.00010360261033559387
40,hidden,0.00015,1.0,False,1.2652793667762636,0.018827945231737243,15.988959148296395,0.0011775591554840728,0.0011775591554840728
40,output_norm,0.00015,1.0,False,0.1440924304619675,0.0015937027025208462,15.984452570013728,9.970330203929389e-05,9.970330203929389e-05
40,output,0.00015,1.0,False,1.6426201958181832,0.004022356990475502,3.1329156814927575,0.0012839020897488526,0.0012839020897488526
41,input,0.00015,1.0,False,0.6570770411230564,0.006640519439352871,16.08261866432258,0.00041290038506503244,0.00041290038506503244
41,hidden_norm,0.00015,1.0,False,0.1080626837849842,0.001635263647458197,16.002996375388555,0.00010218484145713571,0.00010218484145713571
41,hidden,0.00015,1.0,False,1.2038504598017323,0.01860934054631044,15.989354038299645,0.0011638581834972873,0.0011638581834972873
41,output_norm,0.00015,1.0,False,0.1251475707394809,0.0015911984539328076,15.984222086739432,9.954806967133367e-05,9.954806967133367e-05
41,output,0.00015,1.0,False,1.5476222079260522,0.003974037956731391,3.132677305701075,0.001268575588522682,0.001268575588522682
42,input,0.00015,1.0,False,0.6425513690378497,0.006559203609960921,16.082482356739053,0.00040784771060000036,0.00040784771060000036
42,hidden_norm,0.00015,1.0,False,0.09783788134095833,0.0015969214195712042,16.003184605558115,9.978772718878545e-05,9.978772718878545e-05
42,hidden,0.00015,1.0,False,1.1705452237268197,0.018341570441976787,15.98975160460071,0.0011470828875602664,0.0011470828875602664
42,output_norm,0.00015,1.0,False,0.10429148340098775,0.001504799505734178,15.984019124303327,9.414400058156623e-05,9.414400058156623e-05
42,output,0.00015,1.0,False,1.5345793436925963,0.0039322242201469074,3.1324682551522356,0.0012553117541348568,0.0012553117541348568
43,input,0.00015,1.0,False,0.6304468099605033,0.0065147158260317915,16.082331544571858,0.0004050852830621224,0.0004050852830621224
43,hidden_norm,0.00015,1.0,False,0.11165878375939405,0.0016059029569641349,16.003380191966475,0.00010034773514724601,0.00010034773514724601
43,hidden,0.00015,1.0,False,1.1847918222498441,0.018164683924448456,15.990152388973854,0.0011359919206882648,0.0011359919206882648
43,output_norm,0.00015,1.0,False,0.14554350828881346,0.0015293348730773036,15.983843659048077,9.568004453119029e-05,9.568004453119029e-05
43,output,0.00015,1.0,False,1.556093031717201,0.0038861365597691808,3.1322939290691076,0.0012406679091333261,0.0012406679091333261
44,input,0.00015,1.0,False,0.6685727836660063,0.006501246090851386,16.08217703565074,0.00040425161820066503,0.00040425161820066503
44,hidden_norm,0.00015,1.0,False,0.11247386757172362,0.0016224285341721455,16.003577814463497,0.00010137911365706292,0.00010137911365706292
44,hidden,0.00015,1.0,False,1.255536263005833,0.01814455927856203,15.990549302485459,0.0011347051896298376,0.0011347051896298376
44,output_norm,0.00015,1.0,False,0.13343798758244524,0.0015680360915289648,15.983697346874388,9.810221361802713e-05,9.810221361802713e-05
44,output,0.00015,1.0,False,1.6261393944826201,0.0038719060058247665,3.1321422845087246,0.0012361845836234332,0.0012361845836234332
45,input,0.00015,1.0,False,0.6883647123074225,0.006517309349676096,16.082004110100335,0.0004052547994054352,0.0004052547994054352
45,hidden_norm,0.00015,1.0,False,0.11113892115969487,0.0016273314362510109,16.00379679606438,0.00010168408515729224,0.00010168408515729224
45,hidden,0.00015,1.0,False,1.253441602527944,0.0181343748855971,15.990964310993686,0.0011340388567517366,0.0011340388567517366
45,output_norm,0.00015,1.0,False,0.12910561024005046,0.0015506879268983146,15.983570072693773,9.701761995885386e-05,9.701761995885386e-05
45,output,0.00015,1.0,False,1.643044740950893,0.003871829073128914,3.132013920905587,0.001236210684532787,0.001236210684532787
46,input,0.00015,1.0,False,0.6639294365617996,0.006490448164721306,16.081819370882943,0.00040358917203563643,0.00040358917203563643
46,hidden_norm,0.00015,1.0,False,0.11087544052319631,0.0016248026170015875,16.004031139799274,0.00010152458482544331,0.00010152458482544331
46,hidden,0.00015,1.0,False,1.2365740905077687,0.01806061226872482,15.991392306820831,0.0011293958601104046,0.0011293958601104046
46,output_norm,0.00015,1.0,False,0.13704405142715795,0.0015102733317107087,15.983452768710146,9.448980477280109e-05,9.448980477280109e-05
46,output,0.00015,1.0,False,1.5402138473053644,0.003829878578611573,3.131893527101865,0.0012228635952881823,0.0012228635952881823
47,input,0.00015,1.0,False,0.6659409081735951,0.006510646778124005,16.081631982246652,0.00040484987999423475,0.00040484987999423475
47,hidden_norm,0.00015,1.0,False,0.11282074014552917,0.001629845580086265,16.004250438765368,0.0001018382951655434,0.0001018382951655434
47,hidden,0.00015,1.0,False,1.2246678045344197,0.01803463185425846,15.991805674324887,0.0011277420587478353,0.0011277420587478353
47,output_norm,0.00015,1.0,False,0.14034158378753545,0.0015707513473857994,15.983341329280274,9.827427914013835e-05,9.827427914013835e-05
47,output,0.00015,1.0,False,1.5622587516897162,0.003805369788316353,3.131779690898172,0.0012150822100851547,0.0012150822100851547
48,input,0.00015,1.0,False,0.6872198942301431,0.006510865039634047,16.081438991753846,0.0004048683107881486,0.0004048683107881486
48,hidden_norm,0.00015,1.0,False,0.11075022688111101,0.0016135175945812754,16.004473003696646,0.00010081666507910582,0.00010081666507910582
48,hidden,0.00015,1.0,False,1.2404763200831566,0.018001522023386986,15.992225737429905,0.0011256420662731335,0.0011256420662731335
48,output_norm,0.00015,1.0,False,0.13158723005080247,0.0015548408038893408,15.983244210465859,9.72794248411238e-05,9.72794248411238e-05
48,output,0.00015,1.0,False,1.5676383576527486,0.003791688075194848,3.131671748614967,0.0012107552705266072,0.0012107552705266072
49,input,0.00015,1.0,False,0.6566172070572048,0.006459380721432764,16.081223860613278,0.0004016722096166645,0.0004016722096166645
49,hidden_norm,0.00015,1.0,False,0.11098144469578411,0.0015937032855651108,16.00472241646577,9.957706507458683e-05,9.957706507458683e-05
49,hidden,0.00015,1.0,False,1.221047897609932,0.017849815348894245,15.992670281716205,0.0011161247643116385,0.0011161247643116385
49,output_norm,0.00015,1.0,False,0.12128526587037346,0.0015150813982063942,15.983169421202035,9.479230046805389e-05,9.479230046805389e-05
49,output,0.00015,1.0,False,1.552979176212575,0.003756958060837507,3.1315818404731504,0.0011996997850357532,0.0011996997850357532
50,input,0.00015,1.0,False,0.6433890412236031,0.006437965882878623,16.081015271570198,0.00040034573527583005,0.00040034573527583005
50,hidden_norm,0.00015,1.0,False,0.11063335878714495,0.001609322579958957,16.004953822677347,0.00010055152909461788,0.00010055152909461788
50,hidden,0.00015,1.0,False,1.1790816065326346,0.017736676920575394,15.993102470893913,0.0011090204013170452,0.0011090204013170452
50,output_norm,0.00015,1.0,False,0.12488370051586233,0.0015289535844205066,15.983107095241342,9.566059811209815e-05,9.566059811209815e-05
50,output,0.00015,1.0,False,1.5772437453566932,0.0037522174019377383,3.131501575169558,0.0011982166739719973,0.0011982166739719973
51,input,0.00015,1.0,False,0.6346034728232746,0.0064114476294744056,16.080800306437556,0.00039870202398494675,0.00039870202398494675
51,hidden_norm,0.00015,1.0,False,0.10121642095426041,0.0016251745277031213,16.005188197445086,0.00010154048222704113,0.00010154048222704113
51,hidden,0.00015,1.0,False,1.1600879576643959,0.017619596709544872,15.993531600584953,0.0011016701720150692,0.0011016701720150692
51,output_norm,0.00015,1.0,False,0.11440894714225407,0.0015154348169876038,15.983085287840307,9.481491149524955e-05,9.481491149524955e-05
51,output,0.00015,1.0,False,1.5459582259951874,0.00374697587393707,3.1314656517393797,0.0011965565938287727,0.0011965565938287727
52,input,0.00015,1.0,False,0.6380260275318312,0.006403928902765895,16.080580422020073,0.0003982399101711915,0.0003982399101711915
52,hidden_norm,0.00015,1.0,False,0.10439096067440048,0.0016364489717867862,16.00542010851211,0.00010224342508301167,0.00010224342508301167
52,hidden,0.00015,1.0,False,1.1806986323908204,0.017601904770815822,15.993959365943862,0.0011005345435787326,0.0011005345435787326
52,output_norm,0.00015,1.0,False,0.139109467607562,0.0015557043110838473,15.983073653716522,9.733448927216208e-05,9.733448927216208e-05
52,output,0.00015,1.0,False,1.495948712524648,0.003720046834214791,3.131437613828722,0.0011879677301526671,0.0011879677301526671
53,input,0.00015,1.0,False,0.6415004124539757,0.006392808878065613,16.080358963154055,0.00039755386634800015,0.00039755386634800015
53,hidden_norm,0.00015,1.0,False,0.10145078445972604,0.0016429438693688835,16.005647585803647,0.00010264775983360444,0.00010264775983360444
53,hidden,0.00015,1.0,False,1.193010727131537,0.017588509709527307,15.994381068415274,0.0010996680418137606,0.0010996680418137606
53,output_norm,0.00015,1.0,False,0.1198430348273069,0.0015646697676439283,15.983091169799392,9.789531643293297e-05,9.789531643293297e-05
53,output,0.00015,1.0,False,1.5459526232433811,0.0037429504157523775,3.1314330316582284,0.0011952835580106033,0.0011952835580106033
54,input,0.00015,1.0,False,0.6594142276207778,0.006388338428948758,16.080123439376674,0.0003972816784046027,0.0003972816784046027
54,hidden_norm,0.00015,1.0,False,0.10907064619705721,0.0016677347498751936,16.005899301147057,0.000104195004510348,0.000104195004510348
54,hidden,0.00015,1.0,False,1.2044289371819645,0.01752881460667372,15.994817308491909,0.0010959058968036718,0.0010959058968036718
54,output_norm,0.00015,1.0,False,0.13195332844177007,0.0016022081312818059,15.983124067383015,0.00010024373986756784,0.00010024373986756784
54,output,0.00015,1.0,False,1.5173857010891258,0.00372316811773871,3.1314473424561844,0.0011889607937071052,0.0011889607937071052
55,input,0.00015,1.0,False,0.6557736111359185,0.006383383962516568,16.07988693789056,0.00039697940583616887,0.00039697940583616887
55,hidden_norm,0.00015,1.0,False,0.10369995656376874,0.0016546724632714406,16.00614807486612,0.00010337730574101795,0.00010337730574101795
55,hidden,0.00015,1.0,False,1.1833370035630302,0.01745388720755975,15.995249612086504,0.001091191924530584,0.001091191924530584
55,output_norm,0.00015,1.0,False,0.12849423692658132,0.0016088772184696155,15.98317746793014,0.00010066066160485227,0.00010066066160485227
55,output,0.00015,1.0,False,1.5469556409318332,0.003702632389431065,3.1314744840542943,0.0011823926422792682,0.0011823926422792682
56,input,0.00015,1.0,False,0.6348467903578754,0.006337487488830247,16.079635475031452,0.00039413129101534256,0.00039413129101534256
56,hidden_norm,0.00015,1.0,False,0.10959456001143973,0.0016484119611684782,16.00640967407553,0.00010298449150894197,0.00010298449150894197
56,hidden,0.00015,1.0,False,1.1871781564806136,0.017330690414767917,15.995697942702192,0.0010834594699679733,0.0010834594699679733
56,output_norm,0.00015,1.0,False,0.1324187615129732,0.0016073130725312963,15.98323754919682,0.00010056242157347314,0.00010056242157347314
56,output,0.00015,1.0,False,1.4961276519961466,0.003641311284629438,3.1315117270852695,0.001162796630501102,0.001162796630501102
57,input,0.00015,1.0,False,0.650394578400825,0.006322253886721629,16.079389421998748,0.00039318992287555045,0.00039318992287555045
57,hidden_norm,0.00015,1.0,False,0.10675001179099596,0.00161724636783086,16.006671007250542,0.00010103577234131295,0.00010103577234131295
57,hidden,0.00015,1.0,False,1.169846377426535,0.01720621711181918,15.996135770215755,0.0010756483540141336,0.0010756483540141336
57,output_norm,0.00015,1.0,False,0.12792303658021284,0.0015908801932891965,15.983331231696848,9.953370609840656e-05,9.953370609840656e-05
57,output,0.00015,1.0,False,1.4951137571381903,0.003607587112571859,3.1315739656454564,0.0011520044399871904,0.0011520044399871904
58,input,0.00015,1.0,False,0.6425984719817156,0.006265631759317233,16.079134778989616,0.0003896746837090045,0.0003896746837090045
58,hidden_norm,0.00015,1.0,False,0.10418264930316953,0.0015900516057494422,16.00694375532061,9.933511543831838e-05,9.933511543831838e-05
58,hidden,0.00015,1.0,False,1.1543713375057085,0.017094359370988615,15.996571828808698,0.0010686264253321376,0.0010686264253321376
58,output_norm,0.00015,1.0,False,0.11514749724657719,0.0015447934820212081,15.983447743487682,9.664957816442457e-05,9.664957816442457e-05
58,output,0.00015,1.0,False,1.4845596509779935,0.003575408879860291,3.131654817562809,0.0011416995448568724,0.0011416995448568724
59,input,0.00015,1.0,False,0.6125028999072388,0.006212893809164023,16.0788724352729,0.000386401088395635,0.000386401088395635
59,hidden_norm,0.00015,1.0,False,0.0984817471239694,0.0015889769441385785,16.00721326594227,9.926630686675261e-05,9.926630686675261e-05
59,hidden,0.00015,1.0,False,1.1422571142529216,0.017023581709524244,15.997004656182039,0.0010641730796112187,0.0010641730796112187
59,output_norm,0.00015,1.0,False,0.10637698830694567,0.0015277557786756723,15.983590845897796,9.55827631853935e-05,9.55827631853935e-05
59,output,0.00015,1.0,False,1.451813207307477,0.0035768126896219355,3.1317607193768637,0.0011421091871711149,0.0011421091871711149
60,input,0.00015,1.0,False,0.6524142315185142,0.006247087999351235,16.078596343427268,0.0003885344134474131,0.0003885344134474131
60,hidden_norm,0.00015,1.0,False,0.10647008876328021,0.0016209089006141895,16.007502510813794,0.00010125932508954423,0.00010125932508954423
60,hidden,0.00015,1.0,False,1.2109621388113738,0.017143792806296278,15.99746215826919,0.0010716570313894784,0.0010716570313894784
60,output_norm,0.00015,1.0,False,0.11754538219965897,0.0015673892710305498,15.983758326988227,9.80613719855891e-05,9.80613719855891e-05
60,output,0.00015,1.0,False,1.5471773725660558,0.003596375876180025,3.1318862070979265,0.0011483098804897208,0.0011483098804897208
